id  ,season_id ,episode_nr ,aired_date ,title                                ,scheduled_length_days ,arrangement ,primitive_survival_rating ,Location                       ,location_id ,modifier                      ,is_partner_replaced ,Participants
  1 ,        1 ,         1 ,2013-06-23 ,The Jungle Curse                     ,                   21 ,Standard    ,NULL                      ,Costa Rica                     ,            ,NULL                          ,                  0 ,"Kim Shelton,Shane"
  2 ,        1 ,         2 ,2013-06-30 ,Terror in Tanzania                   ,                   21 ,Standard    ,NULL                      ,Tanzania                       ,            ,NULL                          ,                  0 ,"EJ,Kellie Nightlinger"
  3 ,        1 ,         3 ,2013-07-07 ,Island From Hell                     ,                   21 ,Standard    ,NULL                      ,Maldives                       ,            ,NULL                          ,                  0 ,"Alison Teal,Jonathan Klay"
  4 ,        1 ,         4 ,2013-07-14 ,Punishment in Panama                 ,                   21 ,Standard    ,NULL                      ,Panama                         ,            ,NULL                          ,                  0 ,"Clint Jivoin,Laura"
  5 ,        1 ,         5 ,2013-07-21 ,Breaking Borneo                      ,                   21 ,Standard    ,NULL                      ,Malaysia                       ,            ,NULL                          ,                  0 ,"Julie Wright,Puma Cabra"
  6 ,        1 ,         6 ,2013-07-28 ,Beware the Bayou                     ,                   21 ,Standard    ,NULL                      ,Louisiana                      ,            ,NULL                          ,                  0 ,"Billy Berger,Ky"
  7 ,        2 ,         1 ,2013-12-11 ,Double Jeopardy                      ,                   21 ,2+2         ,NULL                      ,Panama                         ,            ,NULL                          ,                  0 ,"Cassie DePecol,Forrest Galante,Manu,Russell"
  8 ,        2 ,         2 ,2014-03-14 ,Man vs. Amazon                       ,                   21 ,Standard    ,NULL                      ,Peru                           ,            ,NULL                          ,                  0 ,"AK,EJ,Laura,Tyler Steinle"
  9 ,        2 ,         3 ,2014-03-21 ,Damned in Africa                     ,                   21 ,Standard    ,NULL                      ,Madagascar                     ,            ,NULL                          ,                  0 ,"Eva,Jeff"
 10 ,        2 ,         4 ,2014-03-30 ,Paradise Lost                        ,                   21 ,Standard    ,NULL                      ,Fiji                           ,            ,NULL                          ,                  0 ,"Alana,Keith Busch"
 11 ,        2 ,         5 ,2014-04-06 ,Mayan Misery                         ,                   21 ,Standard    ,NULL                      ,Belize                         ,            ,NULL                          ,                  0 ,"Cass Caddidy,Shannon Thomas"
 12 ,        2 ,         6 ,2014-04-13 ,The Pain Forest                      ,                   21 ,Standard    ,NULL                      ,Malaysia                       ,            ,NULL                          ,                  0 ,"Fernando,Samantha Pearson"
 13 ,        2 ,         7 ,2014-04-20 ,Meltdown in Bolivia                  ,                   21 ,Standard    ,NULL                      ,Bolivia                        ,            ,NULL                          ,                  0 ,"Sabrina Mergenthaler,Vincent Pinto"
 14 ,        3 ,         2 ,2014-06-29 ,Primal Fear                          ,                   21 ,Standard    ,NULL                      ,Namibia                        ,            ,NULL                          ,                  0 ,"Lindsey Leitelt,Luke"
 15 ,        3 ,         3 ,2014-07-06 ,Blood in the Water                   ,                   21 ,Standard    ,NULL                      ,Bahamas                        ,            ,NULL                          ,                  0 ,"Dani Julien,Justin Bullard"
 16 ,        3 ,         4 ,2014-07-13 ,Hearts of Darkness                   ,                   21 ,Standard    ,NULL                      ,Cambodia                       ,            ,NULL                          ,                  0 ,"Carrie,Tom Touw"
 17 ,        3 ,         5 ,2014-07-20 ,Jungle Love                          ,                   21 ,Standard    ,NULL                      ,Nicaragua                      ,            ,NULL                          ,                  0 ,"Adam Young,Jaclyn McCaffrey"
 18 ,        3 ,         6 ,2014-07-27 ,Argentina Impossible                 ,                   21 ,Standard    ,NULL                      ,Argentina                      ,            ,NULL                          ,                  0 ,"Lisa Coray,Tom McElroy"
 19 ,        3 ,         7 ,2014-08-03 ,Playing With Fire                    ,                   21 ,Standard    ,NULL                      ,Dominica                       ,            ,NULL                          ,                  0 ,"Chris,Connie Kohlen"
 20 ,        3 ,         8 ,2014-08-17 ,Himalayan Hell                       ,                   21 ,Standard    ,NULL                      ,India                          ,            ,NULL                          ,                  0 ,"Hakim,Phaedra"
 21 ,        3 ,         9 ,2014-09-28 ,Nicaragua Nightmare                  ,                   21 ,Standard    ,NULL                      ,Nicaragua                      ,            ,NULL                          ,                  0 ,"Amanda Leigh,Joshua"
 22 ,        3 ,        10 ,2014-10-23 ,Botswana Breakdown                   ,                   21 ,Standard    ,NULL                      ,Botswana                       ,            ,NULL                          ,                  0 ,"Ashley Burns,Michael Jefferson"
 23 ,        3 ,        11 ,2014-10-23 ,Dunes of Despair                     ,                   21 ,Standard    ,NULL                      ,Brazil                         ,            ,NULL                          ,                  0 ,"Honora,Matt Strutzel"
 24 ,        4 ,         1 ,2015-04-19 ,Alligator Alley                      ,                   21 ,Standard    ,NULL                      ,Florida                        ,            ,NULL                          ,                  0 ,"Amber,Ryan Holt"
 25 ,        4 ,         2 ,2015-04-26 ,Rumble in the Jungle                 ,                   21 ,Standard    ,NULL                      ,Mexico                         ,            ,NULL                          ,                  0 ,"Christina,Steve Hansen"
 26 ,        4 ,         3 ,2015-05-03 ,Mayan Sacrifice                      ,                   21 ,Standard    ,NULL                      ,Mexico                         ,            ,NULL                          ,                  0 ,"Alyssa,Luke Pytlik"
 27 ,        4 ,         4 ,2015-05-10 ,Edge of Madness                      ,                   21 ,Standard    ,NULL                      ,Guyana                         ,            ,NULL                          ,                  0 ,"Afften DeShazer,Zack Buck"
 28 ,        4 ,         5 ,2015-05-17 ,Fire on the Mountain                 ,                   21 ,Standard    ,NULL                      ,India                          ,            ,NULL                          ,                  0 ,"Jennifer Cochran,Trenton Harper"
 29 ,        4 ,         6 ,2015-05-31 ,Lord of the Rats                     ,                   21 ,Standard    ,NULL                      ,Thailand                       ,            ,NULL                          ,                  0 ,"Angela Narduzzi,Darrin"
 30 ,        4 ,         7 ,2015-06-07 ,Colombian Conflict                   ,                   21 ,Standard    ,NULL                      ,Colombia                       ,            ,NULL                          ,                  0 ,"Charlie,Dani Beau"
 31 ,        4 ,         9 ,2015-06-21 ,Garden of Evil                       ,                   21 ,Standard    ,NULL                      ,Mexico                         ,            ,NULL                          ,                  0 ,"Brandon Dix,Robin Barber"
 32 ,        4 ,        10 ,2015-06-28 ,Redemption Road                      ,                   21 ,Standard    ,NULL                      ,Guyana                         ,            ,NULL                          ,                  0 ,"AK,Jason Szabo"
 33 ,        4 ,        11 ,2015-07-19 ,Surthrive                            ,                   21 ,Standard    ,NULL                      ,Guyana                         ,            ,NULL                          ,                  0 ,"Bo Stuart,Debbie Harris"
 34 ,        4 ,        12 ,2015-07-26 ,Easier Said Than Done                ,                   14 ,Standard    ,NULL                      ,Nicaragua                      ,            ,Fan                           ,                  0 ,"Kristin Young,Paolo Digiralomo"
 35 ,        5 ,         1 ,2015-10-04 ,Forsaken                             ,                   21 ,Standard    ,NULL                      ,Panama                         ,            ,NULL                          ,                  0 ,"Gary Underhill,Kim"
 36 ,        5 ,         2 ,2015-10-11 ,Fear the Unknown                     ,                   21 ,Standard    ,NULL                      ,Belize                         ,            ,NULL                          ,                  0 ,"Annie Foley,Trent"
 37 ,        5 ,         3 ,2015-10-18 ,The Darkest Hour                     ,                   21 ,Standard    ,NULL                      ,Namibia                        ,            ,NULL                          ,                  0 ,"Andrea Lopez,Joe Brandl"
 38 ,        5 ,         4 ,2015-10-25 ,The Swarm                            ,                   21 ,Standard    ,NULL                      ,Panama                         ,            ,NULL                          ,                  0 ,"Dustin Hobbs,Tara Skubella"
 39 ,        5 ,         5 ,2015-11-01 ,All or Nothing                       ,                   21 ,Standard    ,NULL                      ,Philippines                    ,            ,NULL                          ,                  0 ,"Cassidy Flynn,Jeremy"
 40 ,        6 ,         2 ,2016-03-13 ,King of the Forest                   ,                   21 ,Standard    ,NULL                      ,Alabama                        ,            ,NULL                          ,                  0 ,"Chalese Meyer,Steven"
 41 ,        6 ,         3 ,2016-03-20 ,Frozen in Fear                       ,                   21 ,Standard    ,NULL                      ,Canada                         ,            ,NULL                          ,                  0 ,"Cassie Turner,Greg Wells"
 42 ,        6 ,         4 ,2016-03-27 ,Rise Above                           ,                   21 ,Standard    ,NULL                      ,Brazil                         ,            ,NULL                          ,                  0 ,"Jake,Jamie Little"
 43 ,        6 ,         5 ,2016-04-03 ,From the Ashes                       ,                   21 ,Standard    ,NULL                      ,Croatia                        ,            ,NULL                          ,                  0 ,"Lee Trew,Stacey"
 44 ,        6 ,         6 ,2016-04-10 ,All Falls Down                       ,                   21 ,Standard    ,NULL                      ,Belize                         ,            ,NULL                          ,                  0 ,"Aaron Phillips,Kacie Cleveland"
 45 ,        6 ,         7 ,2016-04-17 ,Contamination                        ,                   21 ,Standard    ,NULL                      ,Philippines                    ,            ,NULL                          ,                  0 ,"Karen Coffee,Matt Alexander"
 46 ,        6 ,         8 ,2016-04-24 ,Hell or High Water                   ,                   21 ,Standard    ,NULL                      ,Thailand                       ,            ,NULL                          ,                  0 ,"Lindsay Boisclair,Matt"
 47 ,        6 ,         9 ,2016-05-01 ,The Danger Within                    ,                   21 ,Standard    ,NULL                      ,Florida                        ,            ,NULL                          ,                  0 ,"Julio Castano,Tawny"
 48 ,        6 ,        11 ,2016-05-15 ,Melt Down Under                      ,                   21 ,Standard    ,NULL                      ,Australia                      ,            ,NULL                          ,                  0 ,"Laura Thompson-Nelson,Nicklas Lautakoski"
 49 ,        6 ,        12 ,2016-05-22 ,Bad Blood                            ,                   21 ,Standard    ,NULL                      ,Nicaragua                      ,            ,NULL                          ,                  0 ,"Angel,Nicole Terry"
 50 ,        6 ,        13 ,2016-05-29 ,Strength in Pain                     ,                   21 ,Standard    ,NULL                      ,Honduras                       ,            ,NULL                          ,                  0 ,"Bree Walker,Clarence"
 51 ,        6 ,        14 ,2016-06-05 ,23 Days                              ,                   21 ,Standard    ,NULL                      ,Namibia                        ,            ,Extended                      ,                  1 ,"Amber,Don Nguyen,Holly Simmons"
 52 ,        7 ,         1 ,2017-03-05 ,Eye of the Storm                     ,                   21 ,Standard    ,NULL                      ,Belize                         ,            ,NULL                          ,                  0 ,"Jason Gassaway,Lacey"
 53 ,        7 ,         2 ,2017-03-12 ,Washed Out                           ,                   21 ,Standard    ,NULL                      ,Ecuador                        ,            ,NULL                          ,                  0 ,"Giovanna,Wes Adams"
 54 ,        7 ,         3 ,2017-03-19 ,Hangry                               ,                   21 ,Standard    ,NULL                      ,Trinidad                       ,            ,NULL                          ,                  0 ,"Shannon Kulpa,Timothy Lair"
 55 ,        7 ,         5 ,2017-04-02 ,Ashes to Ashes                       ,                   21 ,Standard    ,NULL                      ,Montserrat                     ,            ,NULL                          ,                  0 ,"Chad,Dawn"
 56 ,        7 ,         6 ,2017-04-09 ,The Lost World                       ,                   14 ,Standard    ,NULL                      ,South Africa                   ,            ,Fan                           ,                  0 ,"Gabrielle,Jonathan Short"
 57 ,        7 ,         7 ,2017-04-16 ,The Monster                          ,                   21 ,Standard    ,NULL                      ,Australia                      ,            ,NULL                          ,                  0 ,"Dan Gardner,Maria Corrales"
 58 ,        7 ,         8 ,2017-04-23 ,Unhinged                             ,                   21 ,Standard    ,NULL                      ,Panama                         ,            ,NULL                          ,                  0 ,"Geoff Wilson,Melissa LeEllen"
 59 ,        7 ,         9 ,2017-04-30 ,Curse of the Swamp                   ,                   21 ,Standard    ,NULL                      ,Louisiana                      ,            ,Extended                      ,                  1 ,"Jeremy,Michelle Etchings,Melanie"
 60 ,        7 ,        10 ,2017-05-07 ,Curse of the Swamp: Part 2           ,                   21 ,Standard    ,NULL                      ,Louisiana                      ,            ,Extended                      ,                  1 ,"Melanie,Michelle Etchings,Jeremy"
 61 ,        7 ,        11 ,2017-05-14 ,Arachnid Overload                    ,                   21 ,Standard    ,NULL                      ,Colombia                       ,            ,NULL                          ,                  0 ,"David Scott,Kaila"
 62 ,        7 ,        12 ,2017-05-21 ,Worlds Collide                       ,                   40 ,3+3+3+2     ,NULL                      ,Ecuador                        ,            ,NULL                          ,                  0 ,"Amber,Chance Davis,Charlie,Fernando,Giovanna,Lacey,Matt,Matt Alexander,Melissa,Russell,Shannon Kulpa"
 63 ,        8 ,         1 ,2017-07-30 ,Lost at Sea                          ,                   21 ,Standard    ,NULL                      ,Bahamas                        ,            ,NULL                          ,                  0 ,"Ben Johnson,Sarah Danser"
 64 ,        8 ,         2 ,2017-08-02 ,Texan Torture                        ,                   21 ,Standard    ,NULL                      ,Texas                          ,            ,NULL                          ,                  0 ,"McKenzie Clark,Scott Thompson"
 65 ,        8 ,         3 ,2017-08-03 ,The Hunted                           ,                   21 ,Standard    ,NULL                      ,Belize                         ,            ,NULL                          ,                  0 ,"Duck,Sarah Wiley"
 66 ,        8 ,         4 ,2017-08-06 ,Rain Of Terror                       ,                   21 ,Standard    ,NULL                      ,Ecuador                        ,            ,NULL                          ,                  0 ,"Kaila Donaldson,Trevor Rasmussen"
 67 ,        8 ,         5 ,2017-08-13 ,Stone Cold                           ,                   21 ,Standard    ,NULL                      ,Croatia                        ,            ,NULL                          ,                  0 ,"Adam Adams,Samantha Ohl"
 68 ,        8 ,         6 ,2017-08-20 ,Belize Breakdown                     ,                   14 ,Standard    ,NULL                      ,Belize                         ,            ,Fan                           ,                  0 ,"Anastasia Ashley,Cory Williams"
 69 ,        9 ,         1 ,2018-03-11 ,Category 5 Survival                  ,                   21 ,Standard    ,NULL                      ,Florida                        ,            ,NULL                          ,                  0 ,"Amal Alyassiri,Duke"
 70 ,        9 ,         2 ,2018-03-18 ,A Screw Loose                        ,                   21 ,Standard    ,NULL                      ,Mexico                         ,            ,NULL                          ,                  0 ,"Caesar Aliva,Leah Chandler"
 71 ,        9 ,         3 ,2018-03-25 ,Swamp Queen                          ,                   21 ,Standard    ,NULL                      ,Mississippi                    ,            ,NULL                          ,                  0 ,"Brian Schultz,Gabrielle"
 72 ,        9 ,         4 ,2018-04-01 ,Forbidden Fruit                      ,                   21 ,Standard    ,NULL                      ,Brazil                         ,            ,NULL                          ,                  0 ,"Gary,Karra Falkenstein"
 73 ,        9 ,         5 ,2018-04-08 ,Island of Tears                      ,                   14 ,Standard    ,NULL                      ,Panama                         ,            ,Fan                           ,                  0 ,"Bianca Isidro,Max"
 74 ,        9 ,         6 ,2018-04-15 ,Thieves in the Night                 ,                   21 ,Standard    ,NULL                      ,Mexico                         ,            ,Extended                      ,                  1 ,"Ava Holmes,Larry Little,Steven Townes"
 75 ,        9 ,         7 ,2018-04-22 ,Love at First Fight                  ,                   21 ,Standard    ,NULL                      ,Nicaragua                      ,            ,Extended                      ,                  1 ,"James,Leah McCabe,Wes Heustess"
 76 ,        9 ,         8 ,2018-04-29 ,Burnt to a Crisp                     ,                   21 ,Standard    ,NULL                      ,Nicaragua                      ,            ,NULL                          ,                  0 ,"LeAnn Duncan,Lee Diehl"
 77 ,        9 ,         9 ,2018-05-06 ,Loaded for Bear                      ,                   21 ,Standard    ,NULL                      ,Tennessee                      ,            ,NULL                          ,                  0 ,"Jermaine,Teal Bulthius"
 78 ,        9 ,        10 ,2018-05-13 ,Pick Your Poison                     ,                   21 ,Standard    ,NULL                      ,Brazil                         ,            ,NULL                          ,                  0 ,"Anthony Coppage,Suzanne"
 79 ,        9 ,        11 ,2018-06-10 ,Trouble in Paradise                  ,                   21 ,Standard    ,NULL                      ,Honduras                       ,            ,NULL                          ,                  0 ,"Kyle Oelofse,Rylie"
 80 ,        9 ,        12 ,2018-06-24 ,Fan Down                             ,                   14 ,Standard    ,NULL                      ,Nicaragua                      ,            ,Fan                           ,                  0 ,"Justin Tuell,Maci Bookout"
 81 ,        9 ,        13 ,2018-07-29 ,Naked and Afraid Of Sharks           ,                   14 ,Group       ,NULL                      ,Bahamas                        ,            ,"Special,Sharks"              ,                  0 ,"Chris,Eva,Ky,Ryan Holt,Steven"
 82 ,        9 ,        14 ,2018-08-05 ,Blindsided                           ,                   21 ,Standard    ,NULL                      ,Panama                         ,            ,NULL                          ,                  0 ,"Angela,Steven Townes"
 83 ,        9 ,        16 ,2018-08-12 ,Fire and Fury                        ,                   21 ,Standard    ,NULL                      ,South Africa                   ,            ,NULL                          ,                  0 ,"Angela,Chad"
 84 ,       10 ,         2 ,2019-03-03 ,Frozen and Afraid                    ,                   14 ,Standard    ,NULL                      ,Alaska                         ,            ,"Special,Frozen,All-Star"     ,                  0 ,"Laura,Steven"
 85 ,       10 ,         3 ,2019-03-03 ,Got Another Sting Coming             ,                   21 ,Standard    ,NULL                      ,Brazil                         ,            ,NULL                          ,                  0 ,"Nathan Martinez,Whitney Hamblin"
 86 ,       10 ,         4 ,2019-03-10 ,No Safety in Numbers                 ,                   21 ,2+2         ,NULL                      ,Panama                         ,            ,NULL                          ,                  0 ,"Kate,Max,Sara Burkett,Seth"
 87 ,       10 ,         5 ,2019-03-17 ,Threesome                            ,                   21 ,Trio        ,NULL                      ,Ecuador                        ,            ,NULL                          ,                  0 ,"David Shirley,Makani,Sarah Bartell"
 88 ,       10 ,         6 ,2019-03-17 ,Baked Alaskan                        ,                   21 ,Standard    ,NULL                      ,Mexico                         ,            ,NULL                          ,                  0 ,"Gwen,Jon Hart"
 89 ,       10 ,         7 ,2019-03-24 ,Stomping Grounds                     ,                   21 ,2+2         ,NULL                      ,South Africa                   ,            ,Mentor                        ,                  0 ,"Blair Braverman,Gary,Matt,Molly Jansen"
 90 ,       10 ,         8 ,2019-03-31 ,Bite Club                            ,                   21 ,Standard    ,NULL                      ,Mozambique                     ,            ,NULL                          ,                  0 ,"Brooke Wright,Dylan Williams"
 91 ,       10 ,         9 ,2019-03-31 ,The Spirits Are Angry                ,                   21 ,Standard    ,NULL                      ,Colombia                       ,            ,NULL                          ,                  0 ,"Bulent,Cat Orza"
 92 ,       10 ,        11 ,2019-04-14 ,Stalked on All Sides                 ,                   21 ,Standard    ,NULL                      ,South Africa                   ,            ,NULL                          ,                  0 ,"Eric Jorgenson,Kelly Roske"
 93 ,       10 ,        12 ,2019-04-21 ,Swamp Don't Care                     ,                   21 ,Standard    ,NULL                      ,Florida                        ,            ,NULL                          ,                  0 ,"Jake,Melissa"
 94 ,       10 ,        13 ,2019-04-28 ,What The Duck?                       ,                   14 ,Standard    ,NULL                      ,Mexico                         ,            ,Fan                           ,                  0 ,"Dan,Holly Roberts"
 95 ,       10 ,        14 ,2019-05-05 ,For Better or A Lot Worse            ,                   21 ,Standard    ,NULL                      ,Guyana                         ,            ,Couple                        ,                  0 ,"Star Torres,Tony Wheeler"
 96 ,       10 ,        15 ,2019-05-12 ,Don't Let the Jungle Bugs Bite       ,                   21 ,Standard    ,NULL                      ,Colombia                       ,            ,NULL                          ,                  0 ,"Jeremy Upshaw,Trish"
 97 ,       10 ,        16 ,2019-05-19 ,Meltdown on the Mountain             ,                   21 ,Standard    ,NULL                      ,Colombia                       ,            ,NULL                          ,                  0 ,"Leah Olszewski,Tommy Brown"
 98 ,       10 ,        18 ,2019-06-16 ,Honduran Hell                        ,                   21 ,Standard    ,NULL                      ,Honduras                       ,            ,NULL                          ,                  0 ,"Quince Mountain,Theresa Owens"
 99 ,       10 ,        19 ,2019-06-23 ,Stalked on the Savannah Part 1       ,                   21 ,Standard    ,NULL                      ,Brazil                         ,            ,NULL                          ,                  0 ,"Jesse Everett,Wes"
100 ,       10 ,        20 ,2019-06-30 ,Stalked on the Savannah Part 2       ,                   21 ,Standard    ,NULL                      ,Brazil                         ,            ,NULL                          ,                  0 ,"Wes,Jesse Everett"
101 ,       10 ,        21 ,2019-09-26 ,Feel the Burn                        ,                   14 ,Standard    ,NULL                      ,Guyana                         ,            ,Fan                           ,                  0 ,"Jen,Shane Bulloch"
102 ,       11 ,         1 ,2020-02-23 ,Twinning                             ,                   21 ,2+2         ,NULL                      ,South Africa                   ,            ,NULL                          ,                  0 ,"Amber Shine,Serena Shine,Thomas Virgets,Warren Virgets"
103 ,       11 ,         2 ,2020-03-01 ,"Little Person, Big Challenge"       ,                   21 ,Standard    ,NULL                      ,Ecuador                        ,            ,NULL                          ,                  0 ,"Alex Manard,Holly Roberts"
104 ,       11 ,         3 ,2020-03-01 ,Bahama Drama                         ,                   14 ,Standard    ,NULL                      ,Bahamas                        ,            ,Fan                           ,                  0 ,"Daren Jackson,Morgan Reed"
105 ,       11 ,         4 ,2020-03-08 ,"Two Tarzans, One Jane"              ,                   21 ,Trio        ,NULL                      ,Colombia                       ,            ,NULL                          ,                  0 ,"Alexandra Martin,Daniel Rosenberg,Michael Dietrich"
106 ,       11 ,         5 ,2020-03-15 ,Naked and Ghosted                    ,                   21 ,Standard    ,NULL                      ,Mexico                         ,            ,All-Star                      ,                  0 ,"Sarah Danser,Trent"
107 ,       11 ,         6 ,2020-03-15 ,Close Encounters                     ,                   21 ,Standard    ,NULL                      ,South Africa                   ,            ,NULL                          ,                  0 ,"Ryan Eacret,Sherean Rogouski"
108 ,       11 ,         7 ,2020-03-22 ,In Too Deep                          ,                   21 ,Standard    ,NULL                      ,Bahamas                        ,            ,"Continuous Extraction,Water" ,                  0 ,"Joe Maynard,Lisa Hagan"
109 ,       11 ,         8 ,2020-03-28 ,"Blood, Sweat and Fears"             ,                   21 ,Standard    ,NULL                      ,Mexico                         ,            ,NULL                          ,                  0 ,"Bulent,Sara Burkett"
110 ,       11 ,         9 ,2020-03-28 ,Trying to Deal with the Devil        ,                   21 ,Standard    ,NULL                      ,Mexico                         ,            ,NULL                          ,                  0 ,"Christopher James,Laurae"
111 ,       11 ,        10 ,2020-04-05 ,Biting Back at Africa                ,                   21 ,2+2         ,NULL                      ,South Africa                   ,            ,NULL                          ,                  0 ,"Danielle Tomarchio,Diggie Roberts,Lauren Fagen,Rod"
112 ,       11 ,        11 ,2020-04-12 ,Shaken and Very Stirred              ,                   21 ,Standard    ,NULL                      ,Philippines                    ,            ,NULL                          ,                  0 ,"Jess Cornellier,Jon Bonessi"
113 ,       11 ,        12 ,2020-04-12 ,Amazoned Out                         ,                   14 ,Standard    ,NULL                      ,Ecuador                        ,            ,Fan                           ,                  0 ,"Molly Cowles,Nate Cook"
114 ,       11 ,        13 ,2020-04-19 ,Ring of Fire                         ,                   21 ,Standard    ,NULL                      ,Bulgaria                       ,            ,NULL                          ,                  1 ,"Brandon Dix,Brandon Pope,Jen"
115 ,       11 ,        14 ,2020-04-25 ,"21 Miles, 21 Days"                  ,                   21 ,Standard    ,NULL                      ,South Africa                   ,            ,Continuous Extraction         ,                  0 ,"Kaiela Hobart,Tim"
116 ,       11 ,        15 ,2020-05-03 ,Honeymoon From Hell                  ,                   14 ,Standard    ,NULL                      ,Philippines                    ,            ,"Fan,Couple"                  ,                  0 ,"Anna Fanning,Jared Fanning"
117 ,       11 ,        16 ,2020-05-10 ,Don't Cave In                        ,                   21 ,Standard    ,NULL                      ,Colombia                       ,            ,NULL                          ,                  0 ,"Jessica,Mike Morency"
118 ,       11 ,        17 ,2020-05-17 ,Snow Daze                            ,                   14 ,Standard    ,NULL                      ,Montana                        ,            ,"Special,Frozen"              ,                  1 ,"Dave Tucker,Laurae,Sarah Salmond"
119 ,       11 ,       109 ,2020-08-16 ,Swimming Naked with Sharks           ,                   14 ,3+2         ,NULL                      ,Bahamas                        ,            ,"Special,Sharks"              ,                  0 ,"Matt,Jeff,Amber Shine,Serena Shine,Alex Manard"
120 ,       12 ,         1 ,2021-03-07 ,"No Rain, No Gain"                   ,                   21 ,Standard    ,NULL                      ,Georgia                        ,            ,NULL                          ,                  0 ,"Holly Moss,Jake Johnson"
121 ,       12 ,         2 ,2021-03-07 ,Mile-High Clubbed                    ,                   21 ,Standard    ,NULL                      ,Colorado                       ,            ,NULL                          ,                  0 ,"Danny Graves,Hailey Barber"
122 ,       12 ,         3 ,2021-03-14 ,The Devil's Woods                    ,                   21 ,Standard    ,NULL                      ,Montana                        ,            ,NULL                          ,                  0 ,"Joe Ortlip,Sam Gerges"
123 ,       12 ,         4 ,2021-03-21 ,Sand Trapped                         ,                   21 ,Standard    ,NULL                      ,Mexico                         ,            ,NULL                          ,                  0 ,"Dan,Meghann Harris"
124 ,       12 ,         5 ,2021-03-21 ,Stars Against the Storm              ,                   21 ,Standard    ,NULL                      ,Ecuador                        ,            ,All-Star                      ,                  0 ,"Suzanne,Wes"
125 ,       12 ,         6 ,2021-03-28 ,A Tangled Web in Texas               ,                   21 ,Standard    ,NULL                      ,Texas                          ,            ,NULL                          ,                  0 ,"Emily Caselman,Lincoln Samuelson"
126 ,       12 ,         7 ,2021-04-04 ,Shart Attack                         ,                   14 ,Standard    ,NULL                      ,Arizona                        ,            ,Fan                           ,                  0 ,"Ashley Morin,Matt Garland"
127 ,       12 ,         8 ,2021-04-04 ,Monkey Business                      ,                   21 ,Standard    ,NULL                      ,Namibia                        ,            ,NULL                          ,                  0 ,"Adam Kavanagh,Samantha Cline"
128 ,       12 ,         9 ,2021-04-11 ,"Okay, Boomer"                       ,                   21 ,2+2         ,NULL                      ,Arizona                        ,            ,NULL                          ,                  0 ,"Amanda MacArthur,Calvin Popp,Joe Nichter,Rhonda Placourakis"
129 ,       12 ,        10 ,2021-04-18 ,Bite Me                              ,                   21 ,Standard    ,NULL                      ,South Africa                   ,            ,NULL                          ,                  0 ,"Andrew Shayde,Elizabeth Hensley"
130 ,       12 ,        11 ,2021-04-18 ,Come Hell and Black Water            ,                   21 ,Standard    ,NULL                      ,Florida                        ,            ,NULL                          ,                  0 ,"Rose Godfrey,Waz"
131 ,       13 ,         1 ,2021-08-01 ,Baskets and Bullet Ants              ,                   21 ,Standard    ,NULL                      ,Ecuador                        ,            ,All-Star                      ,                  0 ,"Dani Beau,Fernando"
132 ,       13 ,         2 ,2021-08-08 ,Two is a Crowd                       ,                   21 ,Standard    ,NULL                      ,South Africa                   ,            ,NULL                          ,                  0 ,"Darvil McBride,Lynsey McCarver"
133 ,       13 ,         3 ,2021-08-15 ,The Death Ledge                      ,                   21 ,Trio        ,NULL                      ,Ecuador                        ,            ,NULL                          ,                  0 ,"Aosha Wells,Brittany Wallace,Tanner Barclay"
134 ,       13 ,         4 ,2021-08-22 ,USA vs. World                        ,                   21 ,2+2         ,NULL                      ,South Africa                   ,            ,NULL                          ,                  0 ,"Beverly Reynolds,Brandon Snyder,Jamie Frizzell,Jessica"
135 ,       13 ,         5 ,2021-08-29 ,Gag Me with a Turtle                 ,                   14 ,Standard    ,NULL                      ,South Africa                   ,            ,Fan                           ,                  0 ,"Kayla Groves,Scott Davis"
136 ,       13 ,         6 ,2021-09-05 ,Buffalo Bait                         ,                   14 ,Standard    ,NULL                      ,South Africa                   ,            ,Fan                           ,                  0 ,"Ali Moxley,Andrew Forestell"
137 ,       14 ,         1 ,2022-02-27 ,Curse of the Chiapas                 ,                   21 ,Standard    ,NULL                      ,Mexico                         ,            ,NULL                          ,                  0 ,"Jeremy Rowe,Shanika"
138 ,       14 ,         2 ,2022-02-27 ,Haunted and Hungry                   ,                   21 ,Standard    ,NULL                      ,Colombia                       ,            ,NULL                          ,                  0 ,"Ann Alford,Zach Benton"
139 ,       14 ,         3 ,2022-03-06 ,Fallen Farmer                        ,                   21 ,Standard    ,NULL                      ,Zambia                         ,            ,NULL                          ,                  0 ,"Shaun Harvey,Terra"
140 ,       14 ,         4 ,2022-03-06 ,Sibling Survival                     ,                   21 ,Standard    ,NULL                      ,Zambia                         ,            ,NULL                          ,                  0 ,"Kat Sibley,Warrick Harvey"
141 ,       14 ,         5 ,2022-03-13 ,Night Stalkers                       ,                   21 ,Standard    ,NULL                      ,Botswana                       ,            ,NULL                          ,                  0 ,"Elijah Strongheart,Monica Heim"
142 ,       14 ,         6 ,2022-03-20 ,Next Gen Survival                    ,                   14 ,Standard    ,NULL                      ,Mexico                         ,            ,"Fan,Next Gen"                ,                  0 ,"Julia Bulinsky,Waylon Harper"
143 ,       14 ,         7 ,2022-03-20 ,Valley of the Leopards               ,                   21 ,Standard    ,NULL                      ,Zambia                         ,            ,NULL                          ,                  0 ,"Kerra Bennett,Matt Garland"
144 ,       14 ,         8 ,2022-03-27 ,Opposites Don't Attract              ,                   21 ,Standard    ,NULL                      ,Colombia                       ,            ,NULL                          ,                  0 ,"Molly Daley,Nathan Olesen"
145 ,       14 ,         9 ,2022-04-03 ,Legends and Rookies                  ,                   21 ,2+2         ,NULL                      ,South Africa                   ,            ,Mentor                        ,                  0 ,"Max,Michaelyn Ritchie,Noah Mattes,Rylie"
146 ,       14 ,        10 ,2022-04-10 ,Battle of the Sexes                  ,                   21 ,2+2         ,NULL                      ,South Africa                   ,            ,Men vs Women                  ,                  0 ,"Cheeny,Jared Guillien,Rebel Blalock,Rusty Thomas"
147 ,       14 ,        11 ,2022-04-17 ,Abandoned Village                    ,                   21 ,Standard    ,NULL                      ,Botswana                       ,            ,Abandoned                     ,                  0 ,"Gabriel Moraga,Marissa Joy"
148 ,       14 ,        12 ,2022-04-17 ,The Labyrinth                        ,                   21 ,Standard    ,NULL                      ,Colombia                       ,            ,NULL                          ,                  0 ,"Andrew Bishop,Rizza Bagan"
149 ,       14 ,        13 ,2022-04-24 ,Lost in Translation                  ,                   21 ,Standard    ,NULL                      ,South Africa                   ,            ,Language Barrier              ,                  0 ,"Diogo De Souza,Nicole Smith"
150 ,        1 ,         2 ,2015-07-12 ,XL: 40 Days and 40 Nights            ,                   40 ,3+3+3+3     ,NULL                      ,Colombia                       ,            ,NULL                          ,                  0 ,"Laura,Luke,Shane,Alana,Chris,Dani Beau,Dani Julien,EJ,Eva,Hakim,Honora,Jeff"
151 ,        1 ,         3 ,2015-07-19 ,40 Days: No Escape                   ,                   40 ,3+3+3+3     ,NULL                      ,Colombia                       ,            ,NULL                          ,                  0 ,"Jeff,Honora,Hakim,Eva,EJ,Dani Julien,Dani Beau,Chris,Alana,Shane,Luke,Laura"
152 ,        1 ,         4 ,2015-07-26 ,40 Days: Snake in the Grass          ,                   40 ,3+3+3+3     ,NULL                      ,Colombia                       ,            ,NULL                          ,                  0 ,"Laura,Luke,Shane,Alana,Chris,Dani Beau,Dani Julien,EJ,Eva,Hakim,Honora,Jeff"
153 ,        1 ,         5 ,2015-08-01 ,40 Days: Jungle Rich                 ,                   40 ,3+3+3+3     ,NULL                      ,Colombia                       ,            ,NULL                          ,                  0 ,"Jeff,Honora,Hakim,Eva,EJ,Dani Julien,Dani Beau,Chris,Alana,Shane,Luke,Laura"
154 ,        1 ,         6 ,2015-08-09 ,40 Days: Death March                 ,                   40 ,3+3+3+3     ,NULL                      ,Colombia                       ,            ,NULL                          ,                  0 ,"Laura,Luke,Shane,Alana,Chris,Dani Beau,Dani Julien,EJ,Eva,Hakim,Honora,Jeff"
155 ,        1 ,         7 ,2015-08-16 ,40 Days: Sacrifice                   ,                   40 ,3+3+3+3     ,NULL                      ,Colombia                       ,            ,NULL                          ,                  0 ,"Jeff,Honora,Hakim,Eva,EJ,Dani Julien,Dani Beau,Chris,Alana,Shane,Luke,Laura"
156 ,        1 ,         8 ,2015-08-23 ,40 Days: Falling Apart               ,                   40 ,3+3+3+3     ,NULL                      ,Colombia                       ,            ,NULL                          ,                  0 ,"Laura,Luke,Shane,Alana,Chris,Dani Beau,Dani Julien,EJ,Eva,Hakim,Honora,Jeff"
157 ,        1 ,         9 ,2015-08-30 ,40 Days: Filth and Fury              ,                   40 ,3+3+3+3     ,NULL                      ,Colombia                       ,            ,NULL                          ,                  0 ,"Jeff,Honora,Hakim,Eva,EJ,Dani Julien,Dani Beau,Chris,Alana,Shane,Luke,Laura"
158 ,        2 ,         2 ,2016-07-10 ,XL: Lions at the Gate                ,                   40 ,3+3+3+3     ,NULL                      ,South Africa                   ,            ,NULL                          ,                  0 ,"Angel,Alyssa,Carrie,Clarence,Darrin,Jake,Kim,Phaedra,Ryan Holt,Stacey,Steven,Tawny"
159 ,        2 ,         3 ,2016-07-17 ,XL: Man on Fire                      ,                   40 ,3+3+3+3     ,NULL                      ,South Africa                   ,            ,NULL                          ,                  0 ,"Tawny,Steven,Stacey,Ryan Holt,Phaedra,Kim,Jake,Darrin,Clarence,Carrie,Alyssa,Angel"
160 ,        2 ,         4 ,2016-07-24 ,XL: Human Prey                       ,                   40 ,3+3+3+3     ,NULL                      ,South Africa                   ,            ,NULL                          ,                  0 ,"Angel,Alyssa,Carrie,Clarence,Darrin,Jake,Kim,Phaedra,Ryan Holt,Stacey,Steven,Tawny"
161 ,        2 ,         5 ,2016-07-31 ,XL: Too Many Chiefs                  ,                   40 ,3+3+3+3     ,NULL                      ,South Africa                   ,            ,NULL                          ,                  0 ,"Tawny,Steven,Stacey,Ryan Holt,Phaedra,Kim,Jake,Darrin,Clarence,Carrie,Alyssa,Angel"
162 ,        2 ,         6 ,2016-08-07 ,XL: Rock Bottom                      ,                   40 ,3+3+3+3     ,NULL                      ,South Africa                   ,            ,NULL                          ,                  0 ,"Angel,Alyssa,Carrie,Clarence,Darrin,Jake,Kim,Phaedra,Ryan Holt,Stacey,Steven,Tawny"
163 ,        2 ,         7 ,2016-08-14 ,XL: Deadly Consequences              ,                   40 ,3+3+3+3     ,NULL                      ,South Africa                   ,            ,NULL                          ,                  0 ,"Tawny,Steven,Stacey,Ryan Holt,Phaedra,Kim,Jake,Darrin,Clarence,Carrie,Alyssa,Angel"
164 ,        2 ,         8 ,2016-08-21 ,XL: The Sickness                     ,                   40 ,3+3+3+3     ,NULL                      ,South Africa                   ,            ,NULL                          ,                  0 ,"Angel,Alyssa,Carrie,Clarence,Darrin,Jake,Kim,Phaedra,Ryan Holt,Stacey,Steven,Tawny"
165 ,        2 ,         9 ,2016-08-28 ,XL: The Last Roar                    ,                   40 ,3+3+3+3     ,NULL                      ,South Africa                   ,            ,NULL                          ,                  0 ,"Tawny,Steven,Stacey,Ryan Holt,Phaedra,Kim,Jake,Darrin,Clarence,Carrie,Alyssa,Angel"
166 ,        3 ,         1 ,2017-04-23 ,Heart of Darkness                    ,                   40 ,3+3+3+2     ,NULL                      ,Ecuador                        ,            ,NULL                          ,                  0 ,"Fernando,Charlie,Chance Davis,Amber,Matt Alexander,Matt,Lacey,Giovanna,Shannon Kulpa,Russell,Melissa"
167 ,        3 ,         2 ,2017-04-30 ,What Lies Beneath                    ,                   40 ,3+3+3+2     ,NULL                      ,Ecuador                        ,            ,NULL                          ,                  0 ,"Melissa,Russell,Shannon Kulpa,Giovanna,Lacey,Matt,Matt Alexander,Amber,Chance Davis,Charlie,Fernando"
168 ,        3 ,         3 ,2017-05-07 ,Shattered                            ,                   40 ,3+3+3+2     ,NULL                      ,Ecuador                        ,            ,NULL                          ,                  0 ,"Fernando,Charlie,Chance Davis,Amber,Matt Alexander,Matt,Lacey,Giovanna,Shannon Kulpa,Russell,Melissa"
169 ,        3 ,         4 ,2017-05-14 ,Outbreak                             ,                   40 ,3+3+3+2     ,NULL                      ,Ecuador                        ,            ,NULL                          ,                  0 ,"Melissa,Russell,Shannon Kulpa,Giovanna,Lacey,Matt,Matt Alexander,Amber,Chance Davis,Charlie,Fernando"
170 ,        3 ,         5 ,2017-05-21 ,Worlds Collide Part 2                ,                   40 ,3+3+3+2     ,NULL                      ,Ecuador                        ,            ,NULL                          ,                  0 ,"Fernando,Charlie,Chance Davis,Amber,Matt Alexander,Matt,Lacey,Giovanna,Shannon Kulpa,Russell,Melissa"
171 ,        3 ,         6 ,2017-05-28 ,Divided We Fall                      ,                   40 ,3+3+3+2     ,NULL                      ,Ecuador                        ,            ,NULL                          ,                  0 ,"Melissa,Russell,Shannon Kulpa,Giovanna,Lacey,Matt,Matt Alexander,Amber,Chance Davis,Charlie,Fernando"
172 ,        3 ,         7 ,2017-06-04 ,Left Behind                          ,                   40 ,3+3+3+2     ,NULL                      ,Ecuador                        ,            ,NULL                          ,                  0 ,"Fernando,Charlie,Chance Davis,Amber,Matt Alexander,Matt,Lacey,Giovanna,Shannon Kulpa,Russell,Melissa"
173 ,        3 ,         8 ,2017-06-11 ,The Final Fight                      ,                   40 ,3+3+3+2     ,NULL                      ,Ecuador                        ,            ,NULL                          ,                  0 ,"Melissa,Russell,Shannon Kulpa,Giovanna,Lacey,Matt,Matt Alexander,Amber,Chance Davis,Charlie,Fernando"
174 ,        4 ,         1 ,2018-05-06 ,All-Stars: Hunted Humans             ,                   40 ,3+3+3+3+1   ,NULL                      ,South Africa                   ,            ,NULL                          ,                  0 ,"Clarence,Duck,Gary,Jeremy,Kaila,Lacey,Lindsey Leitelt,Matt,Melanie,Melissa,Sarah Danser,Shane,Trent"
175 ,        4 ,         2 ,2018-05-13 ,Africa Strikes First                 ,                   40 ,3+3+3+3+1   ,NULL                      ,South Africa                   ,            ,NULL                          ,                  0 ,"Trent,Shane,Sarah Danser,Melissa,Melanie,Matt,Lindsey Leitelt,Lacey,Kaila,Jeremy,Gary,Duck,Clarence"
176 ,        4 ,         3 ,2018-05-20 ,Africa Strikes Twice                 ,                   40 ,3+3+3+3+1   ,NULL                      ,South Africa                   ,            ,NULL                          ,                  0 ,"Clarence,Duck,Gary,Jeremy,Kaila,Lacey,Lindsey Leitelt,Matt,Melanie,Melissa,Sarah Danser,Shane,Trent"
177 ,        4 ,         4 ,2018-05-27 ,All-Stars: To Hail and Back          ,                   40 ,3+3+3+3+1   ,NULL                      ,South Africa                   ,            ,NULL                          ,                  0 ,"Trent,Shane,Sarah Danser,Melissa,Melanie,Matt,Lindsey Leitelt,Lacey,Kaila,Jeremy,Gary,Duck,Clarence"
178 ,        4 ,         5 ,2018-06-03 ,All-Stars: Dead Weight               ,                   40 ,3+3+3+3+1   ,NULL                      ,South Africa                   ,            ,NULL                          ,                  0 ,"Clarence,Duck,Gary,Jeremy,Kaila,Lacey,Lindsey Leitelt,Matt,Melanie,Melissa,Sarah Danser,Shane,Trent"
179 ,        4 ,         6 ,2018-06-10 ,All-Stars: Burn Notice               ,                   40 ,3+3+3+3+1   ,NULL                      ,South Africa                   ,            ,NULL                          ,                  0 ,"Trent,Shane,Sarah Danser,Melissa,Melanie,Matt,Lindsey Leitelt,Lacey,Kaila,Jeremy,Gary,Duck,Clarence"
180 ,        4 ,         7 ,2018-06-17 ,All-Stars: Savage Journey            ,                   40 ,3+3+3+3+1   ,NULL                      ,South Africa                   ,            ,NULL                          ,                  0 ,"Clarence,Duck,Gary,Jeremy,Kaila,Lacey,Lindsey Leitelt,Matt,Melanie,Melissa,Sarah Danser,Shane,Trent"
181 ,        4 ,         8 ,2018-06-17 ,All-Stars: Survivalists vs. Predator ,                   40 ,3+3+3+3+1   ,NULL                      ,South Africa                   ,            ,NULL                          ,                  0 ,"Trent,Shane,Sarah Danser,Melissa,Melanie,Matt,Lindsey Leitelt,Lacey,Kaila,Jeremy,Gary,Duck,Clarence"
182 ,        4 ,         9 ,2018-06-24 ,All-Stars: Feeding Frenzy            ,                   40 ,3+3+3+3+1   ,NULL                      ,South Africa                   ,            ,NULL                          ,                  0 ,"Clarence,Duck,Gary,Jeremy,Kaila,Lacey,Lindsey Leitelt,Matt,Melanie,Melissa,Sarah Danser,Shane,Trent"
183 ,        4 ,        11 ,2018-07-01 ,All-Stars: Fight To The Finish       ,                   40 ,3+3+3+3+1   ,NULL                      ,South Africa                   ,            ,NULL                          ,                  0 ,"Trent,Shane,Sarah Danser,Melissa,Melanie,Matt,Lindsey Leitelt,Lacey,Kaila,Jeremy,Gary,Duck,Clarence"
184 ,        5 ,         2 ,2019-06-02 ,Waterworld                           ,                   60 ,2+3+3+3+3   ,NULL                      ,Philippines                    ,            ,NULL                          ,                  0 ,"Angela,Charlie,Christina,Duck,Duke,Gabrielle,James,Jeff,Laura,Manu,Max,Nicole Terry,Russell,Rylie"
185 ,        5 ,         3 ,2019-06-09 ,Surviving With Sharks                ,                   60 ,2+3+3+3+3   ,NULL                      ,Philippines                    ,            ,NULL                          ,                  0 ,"Rylie,Russell,Nicole Terry,Max,Manu,Laura,Jeff,James,Gabrielle,Duke,Duck,Christina,Charlie,Angela"
186 ,        5 ,         4 ,2019-06-16 ,Devil and The South China Sea        ,                   60 ,2+3+3+3+3   ,NULL                      ,Philippines                    ,            ,NULL                          ,                  0 ,"Angela,Charlie,Christina,Duck,Duke,Gabrielle,James,Jeff,Laura,Manu,Max,Nicole Terry,Russell,Rylie"
187 ,        5 ,         5 ,2019-06-23 ,Belly of the Beast                   ,                   60 ,2+3+3+3+3   ,NULL                      ,Philippines                    ,            ,NULL                          ,                  0 ,"Rylie,Russell,Nicole Terry,Max,Manu,Laura,Jeff,James,Gabrielle,Duke,Duck,Christina,Charlie,Angela"
188 ,        5 ,         6 ,2019-06-30 ,No Hand-Outs                         ,                   60 ,2+3+3+3+3   ,NULL                      ,Philippines                    ,            ,NULL                          ,                  0 ,"Angela,Charlie,Christina,Duck,Duke,Gabrielle,James,Jeff,Laura,Manu,Max,Nicole Terry,Russell,Rylie"
189 ,        5 ,         7 ,2019-07-07 ,Hike Into Hell                       ,                   60 ,2+3+3+3+3   ,NULL                      ,Philippines                    ,            ,NULL                          ,                  0 ,"Rylie,Russell,Nicole Terry,Max,Manu,Laura,Jeff,James,Gabrielle,Duke,Duck,Christina,Charlie,Angela"
190 ,        5 ,         8 ,2019-07-14 ,Jeff's Wost Nightmare                ,                   60 ,2+3+3+3+3   ,NULL                      ,Philippines                    ,            ,NULL                          ,                  0 ,"Angela,Charlie,Christina,Duck,Duke,Gabrielle,James,Jeff,Laura,Manu,Max,Nicole Terry,Russell,Rylie"
191 ,        5 ,        10 ,2019-07-21 ,Goodbye Cruel Waterworld             ,                   60 ,2+3+3+3+3   ,NULL                      ,Philippines                    ,            ,NULL                          ,                  0 ,"Rylie,Russell,Nicole Terry,Max,Manu,Laura,Jeff,James,Gabrielle,Duke,Duck,Christina,Charlie,Angela"
192 ,        6 ,         1 ,2020-05-24 ,Valley of the Banished               ,                   40 ,3+3+3+3     ,NULL                      ,South Africa                   ,            ,NULL                          ,                  0 ,"Bulent,Dawn,Gwen,Jon Bonessi,Joshua,Kate,Makani,Ryan Eacret,Sarah Bartell,Seth,Suzanne,Wes"
193 ,        6 ,         2 ,2020-05-31 ,Croc Shock                           ,                   40 ,3+3+3+3     ,NULL                      ,South Africa                   ,            ,NULL                          ,                  0 ,"Wes,Suzanne,Seth,Sarah Bartell,Ryan Eacret,Makani,Kate,Joshua,Jon Bonessi,Gwen,Dawn,Bulent"
194 ,        6 ,         3 ,2020-06-07 ,The Barehanded Killer                ,                   40 ,3+3+3+3     ,NULL                      ,South Africa                   ,            ,NULL                          ,                  0 ,"Bulent,Dawn,Gwen,Jon Bonessi,Joshua,Kate,Makani,Ryan Eacret,Sarah Bartell,Seth,Suzanne,Wes"
195 ,        6 ,         4 ,2020-06-14 ,No Calm After the Storm              ,                   40 ,3+3+3+3     ,NULL                      ,South Africa                   ,            ,NULL                          ,                  0 ,"Wes,Suzanne,Seth,Sarah Bartell,Ryan Eacret,Makani,Kate,Joshua,Jon Bonessi,Gwen,Dawn,Bulent"
196 ,        6 ,         5 ,2020-06-21 ,Boiling Point                        ,                   40 ,3+3+3+3     ,NULL                      ,South Africa                   ,            ,NULL                          ,                  0 ,"Bulent,Dawn,Gwen,Jon Bonessi,Joshua,Kate,Makani,Ryan Eacret,Sarah Bartell,Seth,Suzanne,Wes"
197 ,        6 ,         6 ,2020-06-28 ,Feastmode                            ,                   40 ,3+3+3+3     ,NULL                      ,South Africa                   ,            ,NULL                          ,                  0 ,"Wes,Suzanne,Seth,Sarah Bartell,Ryan Eacret,Makani,Kate,Joshua,Jon Bonessi,Gwen,Dawn,Bulent"
198 ,        6 ,         7 ,2020-07-05 ,A Matter of Life or Seth             ,                   40 ,3+3+3+3     ,NULL                      ,South Africa                   ,            ,NULL                          ,                  0 ,"Bulent,Dawn,Gwen,Jon Bonessi,Joshua,Kate,Makani,Ryan Eacret,Sarah Bartell,Seth,Suzanne,Wes"
199 ,        6 ,         8 ,2020-07-12 ,Keep Your Frenemies Close            ,                   40 ,3+3+3+3     ,NULL                      ,South Africa                   ,            ,NULL                          ,                  0 ,"Wes,Suzanne,Seth,Sarah Bartell,Ryan Eacret,Makani,Kate,Joshua,Jon Bonessi,Gwen,Dawn,Bulent"
200 ,        6 ,         9 ,2020-07-19 ,Third Times the Harm                 ,                   40 ,3+3+3+3     ,NULL                      ,South Africa                   ,            ,NULL                          ,                  0 ,"Bulent,Dawn,Gwen,Jon Bonessi,Joshua,Kate,Makani,Ryan Eacret,Sarah Bartell,Seth,Suzanne,Wes"
201 ,        6 ,        10 ,2020-07-26 ,Crossbow and a Cross To Bear         ,                   40 ,3+3+3+3     ,NULL                      ,South Africa                   ,            ,NULL                          ,                  0 ,"Wes,Suzanne,Seth,Sarah Bartell,Ryan Eacret,Makani,Kate,Joshua,Jon Bonessi,Gwen,Dawn,Bulent"
202 ,        6 ,        11 ,2020-08-02 ,Banished But Not Broken              ,                   40 ,3+3+3+3     ,NULL                      ,South Africa                   ,            ,NULL                          ,                  0 ,"Bulent,Dawn,Gwen,Jon Bonessi,Joshua,Kate,Makani,Ryan Eacret,Sarah Bartell,Seth,Suzanne,Wes"
203 ,        7 ,         1 ,2021-04-25 ,"That All You Got, Louisiana?"       ,                   60 ,3+3+3+3     ,NULL                      ,Louisiana                      ,            ,NULL                          ,                  0 ,"EJ,Gary,Amber,Jeff,Lacey,Matt,Max,Ryan Holt,Rylie,Sarah Danser,Steven,Suzanne"
204 ,        7 ,         2 ,2021-05-02 ,Chomping at His Bits                 ,                   60 ,3+3+3+3     ,NULL                      ,Louisiana                      ,            ,NULL                          ,                  0 ,"Suzanne,Steven,Sarah Danser,Rylie,Ryan Holt,Max,Matt,Lacey,Jeff,Amber,Gary,EJ"
205 ,        7 ,         3 ,2021-05-09 ,Gar-R-Done                           ,                   60 ,3+3+3+3     ,NULL                      ,Louisiana                      ,            ,NULL                          ,                  0 ,"EJ,Gary,Amber,Jeff,Lacey,Matt,Max,Ryan Holt,Rylie,Sarah Danser,Steven,Suzanne"
206 ,        7 ,         4 ,2021-05-16 ,Gary Eats All The Things             ,                   60 ,3+3+3+3     ,NULL                      ,Louisiana                      ,            ,NULL                          ,                  0 ,"Suzanne,Steven,Sarah Danser,Rylie,Ryan Holt,Max,Matt,Lacey,Jeff,Amber,Gary,EJ"
207 ,        7 ,         5 ,2021-05-23 ,Itching for Revenge                  ,                   60 ,3+3+3+3     ,NULL                      ,Louisiana                      ,            ,NULL                          ,                  0 ,"EJ,Gary,Amber,Jeff,Lacey,Matt,Max,Ryan Holt,Rylie,Sarah Danser,Steven,Suzanne"
208 ,        7 ,         6 ,2021-05-30 ,EJ's Ball and Pain                   ,                   60 ,3+3+3+3     ,NULL                      ,Louisiana                      ,            ,NULL                          ,                  0 ,"Suzanne,Steven,Sarah Danser,Rylie,Ryan Holt,Max,Matt,Lacey,Jeff,Amber,Gary,EJ"
209 ,        7 ,         7 ,2021-06-06 ,A Bridge Over Swampy Water           ,                   60 ,3+3+3+3     ,NULL                      ,Louisiana                      ,            ,NULL                          ,                  0 ,"EJ,Gary,Amber,Jeff,Lacey,Matt,Max,Ryan Holt,Rylie,Sarah Danser,Steven,Suzanne"
210 ,        7 ,         8 ,2021-06-13 ,A Feast of The Eyes                  ,                   60 ,3+3+3+3     ,NULL                      ,Louisiana                      ,            ,NULL                          ,                  0 ,"Suzanne,Steven,Sarah Danser,Rylie,Ryan Holt,Max,Matt,Lacey,Jeff,Amber,Gary,EJ"
211 ,        7 ,         9 ,2021-06-20 ,Cold Grudges Die Hard                ,                   60 ,3+3+3+3     ,NULL                      ,Louisiana                      ,            ,NULL                          ,                  0 ,"EJ,Gary,Amber,Jeff,Lacey,Matt,Max,Ryan Holt,Rylie,Sarah Danser,Steven,Suzanne"
212 ,        7 ,        10 ,2021-06-27 ,All In to Get Out                    ,                   60 ,3+3+3+3     ,NULL                      ,Louisiana                      ,            ,NULL                          ,                  0 ,"Suzanne,Steven,Sarah Danser,Rylie,Ryan Holt,Max,Matt,Lacey,Jeff,Amber,Gary,EJ"
213 ,        8 ,         1 ,2022-05-01 ,I'm In Big Trouble                   ,                   60 ,3+3+3+3     ,NULL                      ,Peru                           ,            ,NULL                          ,                  0 ,"Dan,EJ,Gary,Amber,Jamie Frizzell,Jeff,Jen,Kaila,Lisa Hagan,Matt,Rod,Steven,Waz,Tim,Trish"
214 ,        8 ,         2 ,2022-05-08 ,Amazon Pain Forest                   ,                   60 ,3+3+3+3     ,NULL                      ,Peru                           ,            ,NULL                          ,                  0 ,"Trish,Tim,Waz,Steven,Rod,Matt,Lisa Hagan,Kaila,Jen,Jeff,Jamie Frizzell,Amber,Gary,EJ,Dan"
215 ,        8 ,         3 ,2022-05-15 ,"In Your Face, Amazon!"              ,                   60 ,3+3+3+3     ,NULL                      ,Peru                           ,            ,NULL                          ,                  0 ,"Dan,EJ,Gary,Amber,Jamie Frizzell,Jeff,Jen,Kaila,Lisa Hagan,Matt,Rod,Steven,Waz,Tim,Trish"
216 ,        8 ,         4 ,2022-05-22 ,The Legends Return                   ,                   60 ,3+3+3+3     ,NULL                      ,Peru                           ,            ,NULL                          ,                  0 ,"Trish,Tim,Waz,Steven,Rod,Matt,Lisa Hagan,Kaila,Jen,Jeff,Jamie Frizzell,Amber,Gary,EJ,Dan"
217 ,        8 ,         5 ,2022-05-29 ,Mutiny in the Jungle                 ,                   60 ,3+3+3+3     ,NULL                      ,Peru                           ,            ,NULL                          ,                  0 ,"Dan,EJ,Gary,Amber,Jamie Frizzell,Jeff,Jen,Kaila,Lisa Hagan,Matt,Rod,Steven,Waz,Tim,Trish"
218 ,        8 ,         6 ,2022-06-05 ,Legendary Fail                       ,                   60 ,3+3+3+3     ,NULL                      ,Peru                           ,            ,NULL                          ,                  0 ,"Trish,Tim,Waz,Steven,Rod,Matt,Lisa Hagan,Kaila,Jen,Jeff,Jamie Frizzell,Amber,Gary,EJ,Dan"
219 ,        8 ,         7 ,2022-06-12 ,Careful What You Fish For            ,                   60 ,3+3+3+3     ,NULL                      ,Peru                           ,            ,NULL                          ,                  0 ,"Dan,EJ,Gary,Amber,Jamie Frizzell,Jeff,Jen,Kaila,Lisa Hagan,Matt,Rod,Steven,Waz,Tim,Trish"
220 ,        8 ,         8 ,2022-06-19 ,You Left Us to Rot                   ,                   60 ,3+3+3+3     ,NULL                      ,Peru                           ,            ,NULL                          ,                  0 ,"Trish,Tim,Waz,Steven,Rod,Matt,Lisa Hagan,Kaila,Jen,Jeff,Jamie Frizzell,Amber,Gary,EJ,Dan"
221 ,        8 ,         9 ,2022-06-26 ,A Gathering Swarm                    ,                   60 ,3+3+3+3     ,NULL                      ,Peru                           ,            ,NULL                          ,                  0 ,"Dan,EJ,Gary,Amber,Jamie Frizzell,Jeff,Jen,Kaila,Lisa Hagan,Matt,Rod,Steven,Waz,Tim,Trish"
222 ,        8 ,        10 ,2022-07-03 ,Jungle Gangsters Out                 ,                   60 ,3+3+3+3     ,NULL                      ,Peru                           ,            ,NULL                          ,                  0 ,"Trish,Tim,Waz,Steven,Rod,Matt,Lisa Hagan,Kaila,Jen,Jeff,Jamie Frizzell,Amber,Gary,EJ,Dan"
223 ,        9 ,         1 ,2022-07-31 ,Frozen: Rocky Road Ahead             ,                   14 ,3+3+3+3     ,NULL                      ,Montana                        ,            ,Frozen                        ,                  0 ,"Waz,Gabrielle,Sarah Bartell,Trish,Ky,Wes,Jermaine,Jeremy,Jake,Rod,Sara Burkett,Joe Ortlip"
224 ,        9 ,         2 ,2022-07-31 ,Frozen: Stay with Me                 ,                   14 ,3+3+3+3     ,NULL                      ,Montana                        ,            ,Frozen                        ,                  0 ,"Joe Ortlip,Sara Burkett,Rod,Jake,Jeremy,Jermaine,Wes,Ky,Trish,Sarah Bartell,Gabrielle,Waz"
225 ,        9 ,         3 ,2022-08-07 ,Frozen: Hypothermic When Wet         ,                   14 ,3+3+3+3     ,NULL                      ,Montana                        ,            ,Frozen                        ,                  0 ,"Waz,Gabrielle,Sarah Bartell,Trish,Ky,Wes,Jermaine,Jeremy,Jake,Rod,Sara Burkett,Joe Ortlip"
226 ,        9 ,         4 ,2022-08-14 ,Frozen: Snow Rest for the Weary      ,                   14 ,3+3+3+3     ,NULL                      ,Montana                        ,            ,Frozen                        ,                  0 ,"Joe Ortlip,Sara Burkett,Rod,Jake,Jeremy,Jermaine,Wes,Ky,Trish,Sarah Bartell,Gabrielle,Waz"
227 ,        9 ,         5 ,2022-08-21 ,"Frozen: Thin Air, Fat Chance"       ,                   14 ,3+3+3+3     ,NULL                      ,Montana                        ,            ,Frozen                        ,                  0 ,"Waz,Gabrielle,Sarah Bartell,Trish,Ky,Wes,Jermaine,Jeremy,Jake,Rod,Sara Burkett,Joe Ortlip"
228 ,        9 ,         6 ,2022-08-28 ,Frozen: Bear of a Finish             ,                   14 ,3+3+3+3     ,NULL                      ,Montana                        ,            ,Frozen                        ,                  0 ,"Joe Ortlip,Sara Burkett,Rod,Jake,Jeremy,Jermaine,Wes,Ky,Trish,Sarah Bartell,Gabrielle,Waz"
229 ,        1 ,         1 ,2020-01-05 ,Man Up or Bow Out                    ,                   21 ,Solo        ,NULL                      ,South Africa                   ,            ,NULL                          ,                  0 ,Luke
230 ,        1 ,         2 ,2020-01-12 ,Gary of The Jungle                   ,                   21 ,Solo        ,NULL                      ,Belize                         ,            ,NULL                          ,                  0 ,Gary
231 ,        1 ,         3 ,2020-01-19 ,Hunted and Haunted                   ,                   21 ,Solo        ,NULL                      ,South Africa                   ,            ,NULL                          ,                  0 ,Lacey
232 ,        1 ,         4 ,2020-01-26 ,Blazed and Confused                  ,                   21 ,Solo        ,NULL                      ,South Africa                   ,            ,NULL                          ,                  0 ,Ryan Holt
233 ,        1 ,         5 ,2020-02-09 ,Max Pushed to the Max                ,                   21 ,Solo        ,NULL                      ,South Africa                   ,            ,NULL                          ,                  0 ,Max
234 ,        1 ,         6 ,2020-02-16 ,Lonely Like the Wolf                 ,                   21 ,Solo        ,NULL                      ,Bulgaria                       ,            ,NULL                          ,                  0 ,EJ
235 ,        1 ,         7 ,2020-01-05 ,Survive or Ky Tryin                  ,                   21 ,Solo        ,NULL                      ,Ecuador                        ,            ,NULL                          ,                  0 ,Ky
236 ,        1 ,         8 ,2020-01-05 ,Bugging Out                          ,                   21 ,Solo        ,NULL                      ,Belize                         ,            ,NULL                          ,                  0 ,Kim
237 ,        1 ,         1 ,2023-03-12 ,Surviving Solo                       ,                   21 ,Solo        ,NULL                      ,"South Africa, Guyana, Mexico" ,            ,NULL                          ,                  0 ,"Jamie Frizzell,Fernando,Kaila,James,Cheeny,Terra,Suzanne,Shanika"
238 ,        1 ,         2 ,2023-03-19 ,A Risky Decision                     ,                   21 ,Solo        ,NULL                      ,"South Africa, Guyana, Mexico" ,            ,NULL                          ,                  0 ,"Shanika,Suzanne,Terra,Cheeny,James,Kaila,Fernando,Jamie Frizzell"
239 ,        1 ,         3 ,2023-03-26 ,The Long Trek Back                   ,                   21 ,Solo        ,NULL                      ,"South Africa, Guyana, Mexico" ,            ,NULL                          ,                  0 ,"Jamie Frizzell,Fernando,Kaila,James,Cheeny,Terra,Suzanne,Shanika"
240 ,        1 ,         4 ,2023-04-02 ,Bladder Parasite                     ,                   21 ,Solo        ,NULL                      ,"South Africa, Guyana, Mexico" ,            ,NULL                          ,                  0 ,"Shanika,Suzanne,Terra,Cheeny,James,Kaila,Fernando,Jamie Frizzell"
241 ,        1 ,         5 ,2023-04-09 ,Catfish Hunter                       ,                   21 ,Solo        ,NULL                      ,"South Africa, Guyana, Mexico" ,            ,NULL                          ,                  0 ,"Jamie Frizzell,Fernando,Kaila,James,Cheeny,Terra,Suzanne,Shanika"
242 ,        1 ,         6 ,2023-04-16 ,Edge of the Knife                    ,                   21 ,Solo        ,NULL                      ,"South Africa, Guyana, Mexico" ,            ,NULL                          ,                  0 ,"Shanika,Suzanne,Terra,Cheeny,James,Kaila,Fernando,Jamie Frizzell"
243 ,        1 ,         7 ,2023-04-23 ,Making it Out Alive                  ,                   21 ,Solo        ,NULL                      ,"South Africa, Guyana, Mexico" ,            ,NULL                          ,                  0 ,"Jamie Frizzell,Fernando,Kaila,James,Cheeny,Terra,Suzanne,Shanika"
244 ,        1 ,         8 ,2023-04-30 ,Never Quit                           ,                   21 ,Solo        ,NULL                      ,"South Africa, Guyana, Mexico" ,            ,NULL                          ,                  0 ,"Shanika,Suzanne,Terra,Cheeny,James,Kaila,Fernando,Jamie Frizzell"